Kristopher Kandy,Mid-Senior Level,Marketing and Sales
Dr. Selfish Rogay,Executive Role,Healthcare and Pharmaceuticals
Nada,Mid-Senior Level,Finance and Accounting
Kenny Sebastian,Mid-Senior Level,Education and Training
Jain Kadakiya,Mid-Senior Level,Education and Training
Kim K,Executive Role,Legal Services
JK,Executive Role,Information Technology (IT)
JK,Executive Role,Information Technology (IT)
pl,Entry-level,Information Technology (IT)
Testw,Entry-level,Human Resources (HR)
Nadal,Mid-Senior Level,Information Technology (IT)
Maya Menon,Mid-Senior Level,Marketing and Sales
Maya Menon,Mid-Senior Level,Information Technology (IT)
Jothi Thomas,Mid-Senior Level,Marketing and Sales
Jithu,Senior Level,Information Technology (IT)
Leana,Senior Level,Information Technology (IT)
Mary Thomas,Senior Level,Education and Training
Test dude,Senior Level,Human Resources (HR)
Yuj,Executive Role,Marketing and Sales
Kathy,Senior Level,Consulting
Yousuf,Executive Role,Legal Services
Faisal,Mid-Senior Level,Information Technology (IT)
Person1,person1@gmail.com,Mid-Senior Level,Marketing and Sales
Jim Halpert,jhalpert@google.com,Mid-Senior Level,Marketing and Sales
Dwight Schrute,dschrute@gmail.com,Mid-Senior Level,Marketing and Sales
Krissy Jenkins,kjenkins@gmail.com,Mid-Senior Level,Human Resources (HR)
bla bla,blajd,Mid-Senior Level,Marketing and Sales
googe,googe,Mid-Senior Level,Marketing and Sales
Michael Scott,mscott@gmail.com,Senior Level,Marketing and Sales
Phillis,p@jdjd.com,Mid-Senior Level,Marketing and Sales
Pimply Pooja,pp@hmail.com,Mid-Senior Level,Human Resources (HR)
Kandy,kk@gmail.com,Mid-Senior Level,Information Technology (IT)
Kandy,kk@gmail.com,Mid-Senior Level,Information Technology (IT)
Lolly Pop,l@gmail.com,Senior Level,Marketing and Sales
Mindy kaling,mkaling@google.com,Mid-Senior Level,Information Technology (IT)
Faisaliyola,g@mgail.com,Executive Role,Information Technology (IT)
Sara Khan,sara@gmail.com,Mid-Senior Level,Information Technology (IT)
Yunus Saiyed,y@saiyed.com,Executive Role,Information Technology (IT)
Haana Saiyed,hsaiyed@google.com,Senior Level,Legal Services
Eshaal Saiyed,esaiyed@nada.com,Senior Level,Healthcare and Pharmaceuticals
Kim K,kim@k.com,Mid-Senior Level,Information Technology (IT)
